"FileName","UploadId","Width","Height","Size","PreviewUrl","Status"
"pg_elite_01_gold_pg_monogram_text.png","6a1c2c88d36d700f6a6b3804","3000","3600","825611","https://pfy-prod-image-storage.s3.us-east-2.amazonaws.com/27396230/2fe4b1aa-19c0-46ab-863a-c51db1835160","Uploaded now"
"pg_elite_02_gold_round_gorilla_badge.png","6a1c2c8abf2beda85debb63d","3000","3600","3801347","https://pfy-prod-image-storage.s3.us-east-2.amazonaws.com/27396230/792e5d77-ee9a-4343-bc05-b67cb5a1376b","Uploaded now"
"pg_elite_03_gold_pg_monogram_luxury.png","6a1c2c8ebf2beda85debb63e","3000","3600","2366022","https://pfy-prod-image-storage.s3.us-east-2.amazonaws.com/27396230/bb5a9eba-6287-4b9d-95a6-91c34a29e686","Uploaded now"
"pg_elite_04_black_stealth_pg.png","6a1c2c90264cb1cca58f2bb6","3000","3600","882234","https://pfy-prod-image-storage.s3.us-east-2.amazonaws.com/27396230/01cfc909-0f67-4b2b-821c-cbfee4618b3e","Uploaded now"
"pg_elite_05_gold_pg_monogram_large.png","6a1c2c94a7f3fa76f92a65d0","3000","3600","1201326","https://pfy-prod-image-storage.s3.us-east-2.amazonaws.com/27396230/829a692c-039e-4499-8242-deab4052a511","Uploaded now"
"pg_elite_06_gold_luxury_shield.png","6a1c2c97d7e389f9cb6d19a2","3000","3600","4095837","https://pfy-prod-image-storage.s3.us-east-2.amazonaws.com/27396230/a9e9816b-ef17-4b6e-8012-bec74a2d3cec","Uploaded now"
"pg_elite_07_gold_elite_range_shield.png","6a1c2c9b16f537e80b617372","3000","3600","3121779","https://pfy-prod-image-storage.s3.us-east-2.amazonaws.com/27396230/571224cc-caaf-4b3a-8e16-0dd5911d4d36","Uploaded now"
"pg_elite_08_gold_pg_monogram_elite_range.png","6a1c2c9eaf13fc8201caaceb","3000","3600","1479626","https://pfy-prod-image-storage.s3.us-east-2.amazonaws.com/27396230/fd774c0e-7efe-45e4-8888-b9a51d8383b1","Uploaded now"
"pg_elite_09_gold_crest_elite_range.png","6a1c2ca0d7e389f9cb6d19a4","3000","3600","2247825","https://pfy-prod-image-storage.s3.us-east-2.amazonaws.com/27396230/6da91342-2ba4-470d-a043-0446da53fc23","Uploaded now"
